{"cameraMode":{"drawMode":0,"name":"Shaded","section":"Shading Mode"},"sceneLighting":true,"audioPlay":false,"sceneViewState":{"showFog":true,"showMaterialUpdate":true,"showSkybox":true,"showFlares":true,"showImageEffects":true,"showParticleSystems":true,"showVisualEffectGraphs":true,"m_FxEnabled":true},"in2DMode":false,"pivot":{"x":10.762451171875,"y":5.630351543426514,"z":0.16140413284301759},"rotation":{"x":-0.16302378475666047,"y":-0.024565938860177995,"z":0.004061773419380188,"w":-0.9862861633300781},"size":2.520089864730835,"orthographic":false}