{"cameraMode":{"drawMode":0,"name":"Shaded","section":"Shading Mode"},"sceneLighting":true,"audioPlay":false,"sceneViewState":{"showFog":true,"showMaterialUpdate":true,"showSkybox":true,"showFlares":true,"showImageEffects":true,"showParticleSystems":true,"showVisualEffectGraphs":true,"m_FxEnabled":true},"in2DMode":false,"pivot":{"x":11.09000015258789,"y":1.6616039276123047,"z":1.0709409713745118},"rotation":{"x":-0.22422319650650025,"y":0.07358967512845993,"z":-0.01698197051882744,"w":-0.9715856313705444},"size":10.897247314453125,"orthographic":false}