{"cameraMode":{"drawMode":0,"name":"Shaded","section":"Shading Mode"},"sceneLighting":true,"audioPlay":false,"sceneViewState":{"showFog":true,"showMaterialUpdate":true,"showSkybox":true,"showFlares":true,"showImageEffects":true,"showParticleSystems":true,"showVisualEffectGraphs":true,"m_FxEnabled":true},"in2DMode":false,"pivot":{"x":10.381200790405274,"y":5.208022117614746,"z":-5.960464477539063e-8},"rotation":{"x":-0.2072659581899643,"y":0.015257705003023148,"z":-0.0032320639584213497,"w":-0.97813880443573},"size":1.3200899362564088,"orthographic":false}