{"cameraMode":{"drawMode":0,"name":"Shaded","section":"Shading Mode"},"sceneLighting":true,"audioPlay":false,"sceneViewState":{"showFog":true,"showMaterialUpdate":true,"showSkybox":true,"showFlares":true,"showImageEffects":true,"showParticleSystems":true,"showVisualEffectGraphs":true,"m_FxEnabled":true},"in2DMode":false,"pivot":{"x":13.799681663513184,"y":-19.810222625732423,"z":24.026424407958986},"rotation":{"x":-0.42564815282821658,"y":-0.021172989159822465,"z":0.009963440708816052,"w":-0.9045788645744324},"size":37.97199249267578,"orthographic":false}